{"_lastStandingPosition":{"x":281.6548767089844,"y":2.0164365768432619,"z":-84.26044464111328},"_lastStandingRotation":{"x":0.0,"y":-0.607284665107727,"z":0.0,"w":-0.7944843769073486},"_sceneName":"InGame"}
