{"_lastStandingPosition":{"x":677.0999755859375,"y":606.5,"z":244.39999389648438},"_lastStandingRotation":{"x":0.0,"y":0.0,"z":0.0,"w":1.0},"_sceneName":"AppQuitTest"}
