{"_lastStandingPosition":{"x":216.4703826904297,"y":1.9877500534057618,"z":52.233245849609378},"_lastStandingRotation":{"x":0.0,"y":-0.7529537081718445,"z":0.0,"w":0.6580734848976135},"_sceneName":"LastScene"}
