{"_lastStandingPosition":{"x":4.59304666519165,"y":2.0164365768432619,"z":-97.28729248046875},"_lastStandingRotation":{"x":0.0,"y":0.16480354964733125,"z":0.0,"w":0.9863263964653015},"_sceneName":"InGameTesters"}
