{"_lastStandingPosition":{"x":202.55999755859376,"y":1.9999953508377076,"z":72.72000122070313},"_lastStandingRotation":{"x":0.0,"y":-0.9670335054397583,"z":0.0,"w":0.25464925169944765},"_sceneName":"LastScene"}
