{"_lastStandingPosition":{"x":208.83082580566407,"y":1.9877500534057618,"z":46.98666763305664},"_lastStandingRotation":{"x":0.0,"y":0.9994900226593018,"z":0.0,"w":-0.0319354310631752},"_sceneName":"InGame"}
