{"_volMaster":0.8639043569564819,"_volBGM":0.24251538515090943,"_volSE":0.6956987977027893,"_resolutionIndex":2,"_refreshRateIndex":2,"_displayIndex":0}
