{"_volMaster":0.5890599489212036,"_volBGM":0.38802993297576907,"_volSE":0.7111048102378845,"_resolutionIndex":1,"_refreshRateIndex":2,"_displayIndex":0}
