{"_volMaster":0.23003262281417848,"_volBGM":0.7391282916069031,"_volSE":0.5479186177253723,"_resolutionIndex":1,"_refreshRateIndex":2,"_displayIndex":1}
