{"_volMaster":0.14426997303962708,"_volBGM":0.23444250226020814,"_volSE":0.318496972322464,"_resolutionIndex":0,"_refreshRateIndex":0,"_displayIndex":0}
