{"_volMaster":0.25580137968063357,"_volBGM":0.03561787307262421,"_volSE":0.318496972322464,"_resolutionIndex":0,"_refreshRateIndex":0,"_displayIndex":0}
