{"_volMaster":0.8141122460365295,"_volBGM":0.3141336739063263,"_volSE":0.9045327305793762,"_resolutionIndex":2,"_refreshRateIndex":2,"_displayIndex":1}
